Composition,MaterialId,Reduced Formula,Elements,NSites,Volume,Density,Point Group,Space Group,Space Group Number,Crystal System,Uncorrected Energy,Corrected Energy,Formation Energy Per Atom,Decomposition Energy Per Atom,Dimensionality Cheon,Bandgap,Is Train,Decomposition Energy Per Atom All,Decomposition Energy Per Atom Relative,Decomposition Energy Per Atom MP,Decomposition Energy Per Atom MP OQMD,Data Directory,gga_only_pbx_save_id,mixed_pbx_save_id,Disorder Probability,average_HHI_P,average_HHI_P_excluding_OHCNPS,max_HHI_P,average_HHI_R,average_HHI_R_excluding_OHCNPS,max_HHI_R
H6In2Ni6,1161ea672e,In(NiH)3,"['H', 'Ni', 'In']",14,121.3645,8.043,m-3m,Pm-3n,223,cubic,-61.4743,-62.5483,-0.1434,-0.0222,3D,0.0239,True,0.0,,-0.0222,-0.0123,gs://crystal-design/output/borg/round_3_3/1e_3_med_0_common_84_nobal/H6In2Ni6/0,GGA_1161ea672e,GGA_1161ea672e,0.0265767562124468,1575,1575,3300,1625,1625,2000
Pd4Sn4Zn6,338557731e,Zn3(SnPd)2,"['Zn', 'Pd', 'Sn']",14,261.9323,8.1969,6/mmm,P6_3/mmc,194,hexagonal,-49.5979,-49.5979,-0.3773,-0.0022,3D,0.0097,True,0.0,,-0.0022,0.0,gs://crystal-design/output/borg/round_2_mo_3/1e_3_med_0_common_84_nobal/Pd4Sn4Zn6/0,GGA_338557731e,r2S_338557731e,0.4117321659781662,2343,2343,3200,3557,3557,8000
H2Rh12Sn8,4abcc9dc85,Sn4HRh6,"['H', 'Rh', 'Sn']",22,372.0783,9.7584,6/mmm,P6_3/mmc,194,hexagonal,-136.0107,-136.0107,-0.399,-0.0328,3D,0.0201,False,0.0,,-0.0328,-0.0068,gs://crystal-design/output/borg/round_2_mo_3/1e_3_med_0_common_84_nobal/H2Rh12Sn8/0,GGA_4abcc9dc85,GGA_4abcc9dc85,0.4020831329378815,2960,2960,3200,5440,5440,8000
Ga1Pt5Zn2,4d3d008439,Zn2GaPt5,"['Zn', 'Ga', 'Pt']",8,120.8989,16.1517,mmm,Cmmm,65,orthorhombic,-39.9908,-39.9908,-0.5109,-0.0061,3D,0.0103,True,0.0,,-0.0062,-0.0055,gs://crystal-design/output/borg/improved_wy_round_2_2/1e_3_med_0_common_84_nobal/Ga1Pt5Zn2/0,GGA_4d3d008439,r2S_4d3d008439,0.2437776329641563,4525,4525,5500,6400,6400,9100
Au2Pd5V1,54010cfdcc,VPd5Au2,"['V', 'Pd', 'Au']",8,126.6097,12.8134,4/mmm,I4/mmm,139,tetragonal,-42.979,-42.979,-0.181,-0.0221,3D,,False,0.0,,-0.0221,-0.0053,gs://crystal-design/output/borg/round_5_3/1e_3_med_0_common_84_nobal/Au2Pd5V1/1,GGA_54010cfdcc,GGA_54010cfdcc,0.4089112617179943,2688,2688,3300,5675,5675,8000
H1Ni3Sn1,60cf57ffc5,Ni3SnH,"['H', 'Ni', 'Sn']",5,53.6653,9.1527,m-3m,Pm-3m,221,cubic,-25.6679,-25.8469,-0.2208,-0.0346,3D,0.0371,True,0.0,,-0.0346,-0.0058,gs://crystal-design/output/borg/round_2_mo_3/1e_3_med_0_common_84_nobal/H1Ni3Sn1/0,GGA_60cf57ffc5,r2S_60cf57ffc5,0.0402721346490128,1400,1400,2600,1525,1525,1600
Pd8Sn3Zn1,650697ed6b,ZnSn3Pd8,"['Zn', 'Pd', 'Sn']",12,200.8482,10.5239,m,Pm,6,monoclinic,-61.215,-61.215,-0.5406,-0.002,3D,0.016,True,0.0,,-0.002,-0.0009,gs://crystal-design/output/borg/improved_wy_round_2_2/1e_3_med_0_common_84_nobal/Pd8Sn3Zn1/0,GGA_650697ed6b,r2S_650697ed6b,0.4463034198713617,2917,2917,3200,5892,5892,8000
H1In1Ni3,81d1bef2cd,InNi3H,"['H', 'Ni', 'In']",5,53.4503,9.0686,m-3m,Pm-3m,221,cubic,-24.21,-24.389,-0.1808,-0.061,3D,0.0019,True,0.0,,-0.061,-0.0001,gs://crystal-design/output/borg/round_2_mo_3/1e_3_med_0_common_84_nobal/H1In1Ni3/0,GGA_81d1bef2cd,r2S_81d1bef2cd,0.0399972910529238,1575,1575,3300,1625,1625,2000
Fe3H1Zn1,b122b3edb3,ZnFe3H,"['H', 'Fe', 'Zn']",5,50.4921,7.694,m-3m,Pm-3m,221,cubic,-30.2448,-30.4238,-0.0723,-0.0324,3D,0.0114,True,0.0,,-0.0324,-0.0011,gs://crystal-design/output/borg/round_2_mo_3/1e_3_med_0_common_84_nobal/Fe3H1Zn1/0,GGA_b122b3edb3,r2S_b122b3edb3,0.445983883585968,2200,2200,2400,1525,1525,1900
Au1Ni1Sb4,ca32248f4a,NiSb4Au,"['Ni', 'Sb', 'Au']",6,145.0839,8.5005,2/m,P2/m,10,monoclinic,-26.2941,-27.0621,-0.2487,-0.0406,3D,,True,-0.0,,-0.0379,-0.0082,gs://crystal-design/output/borg/round_5_3/1e_3_med_0_common_84_nobal/Au1Ni1Sb4/1,GGA_ca32248f4a,GGA_ca32248f4a,0.0531328811547308,5617,5617,7900,2683,2683,3400
H20Ir4Zn4,d26aa66591,ZnH5Ir,"['H', 'Zn', 'Ir']",28,229.9645,7.5867,222,P2_12_12_1,19,orthorhombic,-108.7792,-112.3592,-0.1469,-0.0914,3D,,True,-0.0,,-0.0914,-0.0856,gs://crystal-design/output/borg/round_5_3/1e_3_med_0_common_84_nobal/H20Ir4Zn4/0,GGA_d26aa66591,GGA_d26aa66591,0.0064424137836551,3550,3550,5500,5500,5500,9100
Pd10Si1Zn5,e66f88001b,Zn5SiPd10,"['Si', 'Zn', 'Pd']",16,235.4275,10.011,2/m,P2/m,10,monoclinic,-72.2851,-72.2851,-0.5476,-0.0065,3D,0.0202,True,0.0,,-0.0065,-0.0065,gs://crystal-design/output/borg/round_3_3/1e_3_med_0_common_84_nobal/Pd10Si1Zn5/0,GGA_e66f88001b,r2S_e66f88001b,0.4918633560432575,2794,2794,4700,5656,5656,8000
In4Ir16Nd2Zn2,f30c0a9d74,NdZn(InIr4)2,"['Zn', 'In', 'Nd', 'Ir']",24,410.7169,15.9863,4/mmm,P4/mbm,127,tetragonal,-171.195,-171.195,-0.2799,-0.0289,3D,0.0008,True,0.0,,-0.0289,-0.0131,gs://crystal-design/output/borg/round_3_4/1e_3_med_0_common_84_nobal/In4Ir16Nd2Zn2/0,GGA_f30c0a9d74,r2S_f30c0a9d74,0.4450311099224798,5142,5142,9500,6817,6817,9100
