Reduced Formula,max G,average_HHI_P_excluding_OHCNPS,Disorder Probability,MaterialId
In(NiH)3,0.26243654,1575,0.0265767562124468,1161ea672e
Zn3(SnPd)2,0.41518882,2343,0.4117321659781662,338557731e
Sn4HRh6,0.03263995,2960,0.4020831329378815,4abcc9dc85
Zn2GaPt5,0.005098617,4525,0.2437776329641563,4d3d008439
VPd5Au2,0.14628115,2688,0.4089112617179943,54010cfdcc
Ni3SnH,0.07591318,1400,0.0402721346490128,60cf57ffc5
ZnSn3Pd8,0.02694706,2917,0.4463034198713617,650697ed6b
InNi3H,0.12472115,1575,0.0399972910529238,81d1bef2cd
ZnFe3H,0.4637853,2200,0.445983883585968,b122b3edb3
NiSb4Au,0.14710966,5617,0.0531328811547308,ca32248f4a
ZnH5Ir,0.46812233,3550,0.0064424137836551,d26aa66591
Zn5SiPd10,0.16872054,2794,0.4918633560432575,e66f88001b
NdZn(InIr4)2,0.46483132,5142,0.4450311099224798,f30c0a9d74
