,Reduced Formula,max G,average_HHI_P_excluding_OHCNPS,Disorder Probability
0,Cu2SbIrO8,0.087086,4150,0.8006767179857482
1,Fe2SbIrO8,0.001157681,4550,0.8870347615093186
2,Ag3BiIr2(RhO7)2,0.037797846,3288,0.9293797174184948
3,InBi3IrRh3O14,0.15037489,4288,0.9169137009164348
4,CoBi3IrRh3O14,0.13348958,4262,0.926354752851972
5,Ag2Bi2Ir3RhO14,0.070930526,4088,0.9119264914051064
6,AgBi3IrRh3O14,0.0973617,4025,0.9042620375682372
7,CoAgBiIrO7,0.08398245,3775,0.750887755789807
8,CuBi3IrRh3O14,0.1302421,4075,0.9119800738118188
9,Ag3BiIrRh3O14,0.053740002,3000,0.9294788457538212
10,AgBiIrRhO7,0.054099917,3800,0.8878244410758401
11,YAg3Ir3RhO14,0.11692404,4138,0.9404820783085552
12,CoAg3BiIr3O14,0.04816953,3562,0.9071680979243524
13,ZnBi3IrRh3O14,0.12543406,4075,0.930392353566612
14,NdAg3Ir3RhO14,0.10473778,4100,0.9460232294148876
15,NdAg3Ir2(RhO7)2,0.11895562,3812,0.9448501195655656
16,MgInBi2IrRh3O14,0.13181323,4288,0.9240595416267136
17,AgBi3Ir2(RhO7)2,0.10962867,4312,0.9167070464282728
18,LaAg2BiIrRh3O14,0.11569094,4038,0.919441972147662
19,CoAg2Bi2Ir3O14,0.060022183,4075,0.9008383426089231
20,IrPdO4,0.0034992644,4350,0.1206679776597304
21,Zn2Ir3PdO12,0.077469274,3817,0.8965332409843118
22,NiIrRhO6,0.07252834,3233,0.8939078621180286
23,Cu2Ir3RhO12,0.034150805,3817,0.8946985521668787
24,ZnFeIr2(RhO6)2,0.06061522,3567,0.9249211862187966
25,FeIr2(RhO4)3,0.0059177475,3833,0.9387361859891544
26,GaIr2(RhO4)3,0.022005282,4350,0.9352380519108916
27,Cu(IrO3)2,0.009481589,4200,0.11399220184017
28,CuIrPdO6,0.052696098,3433,0.6357765771320328
29,CuIrRhO6,0.054483134,3433,0.8928510123483381
30,Ir(RhO3)2,0.004133299,3967,0.4859749537368561
31,ZnIr2(RhO4)3,0.04757719,3700,0.9409595441967996
32,GaIrRhO6,0.046299454,4733,0.9218086360870454
33,FeIrRhO6,0.015935495,3700,0.918174590266418
34,Zn2Ir3RhO12,0.08454427,3817,0.9245463597133612
35,ZnIrRhO6,0.10861549,3433,0.9263056429339758
36,IrRh5O12,0.0021767714,3583,0.3072477536494362
37,Cu2Ir3PdO12,0.028436914,3817,0.8054721971502018
38,Fe4Ir7RhO24,5.9211896e-16,4275,0.915943691231646
39,Fe4Ir7PdO24,0.0019504395,4275,0.906015148892924
40,Fe4Ir5(PdO8)3,0.006174856,3892,0.8397629087247817
41,GaFe4Ir7O24,0.013150459,4467,0.9193526943580448
42,CoBi6IrRhO18,0.10713464,4844,0.9394344755972592
43,CuBi6(IrO9)2,0.09410728,4933,0.9194065260750568
44,Mn2Bi6IrO18,0.11136874,4500,0.5041875890393303
