Composition,MaterialId,Reduced Formula,Elements,NSites,Volume,Density,Point Group,Space Group,Space Group Number,Crystal System,Uncorrected Energy,Corrected Energy,Formation Energy Per Atom,Decomposition Energy Per Atom,Dimensionality Cheon,Bandgap,Is Train,Decomposition Energy Per Atom All,Decomposition Energy Per Atom Relative,Decomposition Energy Per Atom MP,Decomposition Energy Per Atom MP OQMD,Data Directory,gga_only_pbx_save_id,mixed_pbx_save_id,Disorder Probability,average_HHI_P,average_HHI_P_excluding_OHCNPS,max_HHI_P,average_HHI_R,average_HHI_R_excluding_OHCNPS,max_HHI_R,angle_groups
Cu2Ir1O8Sb1,62ab1a78eb,Cu2SbIrO8,"['O', 'Cu', 'Sb', 'Ir']",12,132.8637,7.1122,2/m,C2/m,12,monoclinic,-70.0276,-75.5236,-1.232,-0.0319,3D,0.0038,True,0.0,,-0.0317,-0.012,gs://crystal-design/output/borg/round_3_4/1e_3_med_0_common_84_nobal/Cu2Ir1O8Sb1/0,GGA_62ab1a78eb,r2S_62ab1a78eb,0.8006767179857482,1717,4150,7900,1625,3875,9100,0
Fe2Ir1O8Sb1,7d12fd2c07,Fe2SbIrO8,"['O', 'Fe', 'Sb', 'Ir']",12,135.482,6.786,2/m,C2/m,12,monoclinic,-78.9917,-88.9997,-1.6266,-0.0317,3D,0.0046,True,0.0,,-0.0316,-0.0106,gs://crystal-design/output/borg/improved_wy_round_2_3/1e_3_med_0_common_84_nobal/Fe2Ir1O8Sb1/0,GGA_7d12fd2c07,r2S_7d12fd2c07,0.8870347615093186,1850,4550,7900,1608,3825,9100,0
Ag3Bi1Ir2O14Rh2,5a091b8756,Ag3BiIr2(RhO7)2,"['O', 'Rh', 'Ag', 'Ir', 'Bi']",22,267.4316,8.3627,2/m,C2/m,12,monoclinic,-128.2829,-137.9008,-1.0865,-0.0784,3D,0.0002,True,0.0,,-0.0759,-0.0459,gs://crystal-design/output/borg/round_3_wy_updated_4/1e_2_med_0_common_84_nobal/Ag3Bi1Ir2O14Rh2/0,GGA_5a091b8756,GGA_5a091b8756,0.9293797174184948,1514,3288,5500,2336,5550,9100,1
Bi3In1Ir1O14Rh3,c11c222f68,InBi3IrRh3O14,"['O', 'Rh', 'In', 'Ir', 'Bi']",22,274.9004,8.8595,2/m,C2/m,12,monoclinic,-138.1796,-147.7976,-1.5154,-0.0217,3D,0.0007,True,-0.0,,-0.0148,-0.0147,gs://crystal-design/output/borg/round_3_wy_updated_4/1e_2_med_0_common_84_nobal/Bi3In1Ir1O14Rh3/0,GGA_c11c222f68,GGA_c11c222f68,0.9169137009164348,1877,4288,5500,2732,6638,9100,1
Bi3Co1Ir1O14Rh3,b85a209e2b,CoBi3IrRh3O14,"['O', 'Co', 'Rh', 'Ir', 'Bi']",22,268.773,8.7162,2/m,C2/m,12,monoclinic,-139.1308,-150.3868,-1.4351,-0.0274,3D,0.0012,True,0.0,,-0.0205,-0.0093,gs://crystal-design/output/borg/round_3_wy_updated_4/1e_2_med_0_common_84_nobal/Bi3Co1Ir1O14Rh3/0,GGA_b85a209e2b,GGA_b85a209e2b,0.926354752851972,1868,4262,5500,2764,6725,9100,1
Ag2Bi2Ir3O14Rh1,cdec7eaecb,Ag2Bi2Ir3RhO14,"['O', 'Rh', 'Ag', 'Ir', 'Bi']",22,271.8624,9.3895,2/m,C2/m,12,monoclinic,-134.6735,-144.2915,-1.2642,-0.0957,3D,0.0019,True,0.0,,-0.091,-0.0744,gs://crystal-design/output/borg/round_3_wy_updated_4/1e_2_med_0_common_84_nobal/Ag2Bi2Ir3O14Rh1/0,GGA_cdec7eaecb,GGA_cdec7eaecb,0.9119264914051064,1805,4088,5500,2595,6262,9100,1
Ag1Bi3Ir1O14Rh3,2c2e1e6ae7,AgBi3IrRh3O14,"['O', 'Rh', 'Ag', 'Ir', 'Bi']",22,274.8768,8.8183,2/m,C2/m,12,monoclinic,-135.0549,-144.6729,-1.3697,-0.0586,3D,0.0023,True,0.0,,-0.0516,-0.0418,gs://crystal-design/output/borg/round_3_wy_updated_4/1e_2_med_0_common_84_nobal/Ag1Bi3Ir1O14Rh3/0,GGA_2c2e1e6ae7,GGA_2c2e1e6ae7,0.9042620375682372,1782,4025,5500,2705,6562,9100,1
Ag2Bi2Co2Ir2O14,1e6a40143c,CoAgBiIrO7,"['O', 'Co', 'Ag', 'Ir', 'Bi']",22,256.1293,8.8171,mmm,Imma,74,orthorhombic,-127.9724,-140.8664,-1.1988,-0.0724,3D,0.0025,True,0.0,,-0.0678,-0.0258,gs://crystal-design/output/borg/round_3_wy_updated_4/1e_2_med_0_common_84_nobal/Ag2Bi2Co2Ir2O14/0,GGA_1e6a40143c,GGA_1e6a40143c,0.750887755789807,1691,3775,5500,2064,4800,9100,1
Bi3Cu1Ir1O14Rh3,1139fe200a,CuBi3IrRh3O14,"['O', 'Cu', 'Rh', 'Ir', 'Bi']",22,269.0879,8.7345,2/m,C2/m,12,monoclinic,-137.0356,-146.6536,-1.4022,-0.0407,3D,0.0026,True,0.0,,-0.0338,-0.0326,gs://crystal-design/output/borg/round_3_wy_updated_4/1e_2_med_0_common_84_nobal/Bi3Cu1Ir1O14Rh3/0,GGA_1139fe200a,GGA_1139fe200a,0.9119800738118188,1800,4075,5500,2709,6575,9100,1
Ag3Bi1Ir1O14Rh3,f6435cd1aa,Ag3BiIrRh3O14,"['O', 'Rh', 'Ag', 'Ir', 'Bi']",22,265.8703,7.854,-3m,R-3m,166,trigonal,-126.2753,-135.8933,-1.0623,-0.0599,3D,0.003,True,0.0,,-0.0575,-0.0374,gs://crystal-design/output/borg/round_3_wy_updated_4/1e_2_med_0_common_84_nobal/Ag3Bi1Ir1O14Rh3/0,GGA_f6435cd1aa,GGA_f6435cd1aa,0.9294788457538212,1409,3000,5500,2286,5412,9100,1
Ag2Bi2Ir2O14Rh2,d1aea6123b,AgBiIrRhO7,"['O', 'Rh', 'Ag', 'Ir', 'Bi']",22,271.6267,8.8517,mmm,Imma,74,orthorhombic,-133.0036,-142.6216,-1.2553,-0.0925,3D,0.0039,False,0.0,,-0.0878,-0.0681,gs://crystal-design/output/borg/round_3_wy_updated_4/1e_2_med_0_common_84_nobal/Ag2Bi2Ir2O14Rh2/0,GGA_d1aea6123b,GGA_d1aea6123b,0.8878244410758401,1700,3800,5500,2545,6125,9100,1
Ag3Ir3O14Rh1Y1,62ea33c684,YAg3Ir3RhO14,"['O', 'Y', 'Rh', 'Ag', 'Ir']",22,267.1722,8.1796,2/m,C2/m,12,monoclinic,-137.8827,-147.5007,-1.3365,-0.0665,3D,0.0047,True,0.0008,,-0.0663,-0.0334,gs://crystal-design/output/borg/round_3_wy_updated_4/1e_2_med_0_common_84_nobal/Ag3Ir3O14Rh1Y1/0,GGA_62ea33c684,GGA_62ea33c684,0.9404820783085552,1823,4138,9800,2232,5262,9100,1
Ag3Bi1Co1Ir3O14,0656f3c128,CoAg3BiIr3O14,"['O', 'Co', 'Ag', 'Ir', 'Bi']",22,260.8784,8.8614,2/m,C2/m,12,monoclinic,-127.7578,-139.0138,-1.0817,-0.0838,3D,0.0051,True,0.0,,-0.0814,-0.0345,gs://crystal-design/output/borg/round_3_wy_updated_4/1e_2_med_0_common_84_nobal/Ag3Bi1Co1Ir3O14/0,GGA_0656f3c128,GGA_0656f3c128,0.9071680979243524,1614,3562,5500,2145,5025,9100,1
Bi3Ir1O14Rh3Zn1,22e512239d,ZnBi3IrRh3O14,"['O', 'Zn', 'Rh', 'Ir', 'Bi']",22,269.6539,8.7276,2/m,C2/m,12,monoclinic,-135.7753,-145.3933,-1.474,-0.0409,3D,0.0051,True,-0.0,,-0.034,-0.0273,gs://crystal-design/output/borg/round_3_wy_updated_4/1e_2_med_0_common_84_nobal/Bi3Ir1O14Rh3Zn1/0,GGA_22e512239d,GGA_22e512239d,0.930392353566612,1800,4075,5500,2727,6625,9100,1
Ag3Ir3Nd1O14Rh1,dbb953109e,NdAg3Ir3RhO14,"['O', 'Rh', 'Ag', 'Nd', 'Ir']",22,270.365,8.4229,2/m,C2/m,12,monoclinic,-136.0741,-145.6921,-1.3315,-0.0743,3D,0.0095,True,0.0,,-0.0741,-0.0472,gs://crystal-design/output/borg/round_3_wy_updated_4/1e_2_med_0_common_84_nobal/Ag3Ir3Nd1O14Rh1/0,GGA_dbb953109e,GGA_dbb953109e,0.9460232294148876,1809,4100,9500,2255,5325,9100,1
Ag3Ir2Nd1O14Rh2,00b63e695d,NdAg3Ir2(RhO7)2,"['O', 'Rh', 'Ag', 'Nd', 'Ir']",22,269.0665,7.9124,2/m,C2/m,12,monoclinic,-134.164,-143.782,-1.3117,-0.0602,3D,,True,0.0,,-0.06,-0.0332,gs://crystal-design/output/borg/round_3_wy_updated_4/1e_2_med_0_common_84_nobal/Ag3Ir2Nd1O14Rh2/0,GGA_00b63e695d,GGA_00b63e695d,0.9448501195655656,1705,3812,9500,2205,5188,9100,1
Bi2In1Ir1Mg1O14Rh3,043b9e6147,MgInBi2IrRh3O14,"['O', 'Mg', 'Rh', 'In', 'Ir', 'Bi']",22,263.2313,8.0873,-1,P-1,2,triclinic,-138.1349,-147.7529,-1.6197,-0.0418,,,,0.0,,-0.0336,-0.0297,gs://surface-design/input/round_6_wy_5/1e_3_med_0_common_84_nobal/Bi2In1Ir1Mg1O14Rh3/0,GGA_043b9e6147,GGA_043b9e6147,0.9240595416267136,1877,4288,5500,2482,5950,9100,1
Ag1Bi3Ir2O14Rh2,6d4e5daf0b,AgBi3Ir2(RhO7)2,"['O', 'Rh', 'Ag', 'Ir', 'Bi']",22,276.7597,9.2942,2/m,C2/m,12,monoclinic,-136.8252,-146.4432,-1.3832,-0.0662,3D,,True,0.0,,-0.0592,-0.0527,gs://crystal-design/output/borg/round_3_wy_updated_4/1e_2_med_0_common_84_nobal/Ag1Bi3Ir2O14Rh2/0,GGA_6d4e5daf0b,GGA_6d4e5daf0b,0.9167070464282728,1886,4312,5500,2755,6700,9100,1
Ag2Bi1Ir1La1O14Rh3,9138da4aab,LaAg2BiIrRh3O14,"['O', 'Rh', 'Ag', 'La', 'Ir', 'Bi']",22,273.2076,7.8317,2/m,C2/m,12,monoclinic,-137.4007,-147.0186,-1.4724,-0.0575,,,,0.0,,-0.0545,-0.0387,gs://surface-design/input/round_6_wy_5/1e_3_med_0_common_84_nobal/Ag2Bi1Ir1La1O14Rh3/0,GGA_9138da4aab,GGA_9138da4aab,0.919441972147662,1786,4038,9500,2364,5625,9100,1
Ag2Bi2Co1Ir3O14,f2cf7c4cc4,CoAg2Bi2Ir3O14,"['O', 'Co', 'Ag', 'Ir', 'Bi']",22,265.2756,9.3474,2/m,C2/m,12,monoclinic,-132.2915,-143.5475,-1.242,-0.09,3D,,True,0.0,,-0.0854,-0.0533,gs://crystal-design/output/borg/round_3_wy_updated_4/1e_2_med_0_common_84_nobal/Ag2Bi2Co1Ir3O14/0,GGA_f2cf7c4cc4,GGA_f2cf7c4cc4,0.9008383426089231,1800,4075,5500,2355,5600,9100,1
Ir1O4Pd1,f99f34ee94,IrPdO4,"['O', 'Pd', 'Ir']",6,67.7293,8.8908,mmm,Cmmm,65,orthorhombic,-37.2688,-40.0168,-1.0353,-0.0404,3D,0.0049,True,-0.0,,-0.0402,-0.0048,gs://crystal-design/output/borg/improved_wy_round_2_2/1e_3_med_0_common_84_nobal/Ir1O4Pd1/0,GGA_f99f34ee94,r2S_f99f34ee94,0.1206679776597304,1783,4350,5500,3183,8550,9100,2
Ir3O12Pd1Zn2,e30f4d4add,Zn2Ir3PdO12,"['O', 'Zn', 'Pd', 'Ir']",18,199.4238,8.3757,mm2,Cmm2,35,orthorhombic,-107.691,-115.935,-1.2422,-0.0756,3D,0.0002,True,0.0,,-0.0755,-0.0296,gs://crystal-design/output/borg/round_3_wy_3/1e_3_med_0_common_84_nobal/Ir3O12Pd1Zn2/0,GGA_e30f4d4add,r2S_e30f4d4add,0.8965332409843118,1606,3817,5500,2506,6517,9100,2
Ir2Ni2O12Rh2,4768d23b8d,NiIrRhO6,"['O', 'Ni', 'Rh', 'Ir']",18,193.6227,7.7153,4mm,P4_2nm,102,tetragonal,-111.6928,-125.0188,-1.2052,-0.091,3D,0.0006,True,-0.0,,-0.0908,-0.0577,gs://crystal-design/output/borg/round_2_mo_4/1e_3_med_0_common_84_nobal/Ir2Ni2O12Rh2/0,GGA_4768d23b8d,r2S_4768d23b8d,0.8939078621180286,1411,3233,5500,2400,6200,9100,2
Cu2Ir3O12Rh1,348673c0ba,Cu2Ir3RhO12,"['O', 'Cu', 'Rh', 'Ir']",18,194.2096,8.5386,mm2,Cmm2,35,orthorhombic,-113.8051,-122.0491,-1.145,-0.0712,3D,0.0012,True,0.0,,-0.0711,-0.0515,gs://crystal-design/output/borg/round_3_wy_3/1e_3_med_0_common_84_nobal/Cu2Ir3O12Rh1/0,GGA_348673c0ba,GGA_348673c0ba,0.8946985521668787,1606,3817,5500,2461,6383,9100,2
Fe1Ir2O12Rh2Zn1,63bd4a9ff2,ZnFeIr2(RhO6)2,"['O', 'Fe', 'Zn', 'Rh', 'Ir']",18,197.0653,7.6131,mm2,Cmm2,35,orthorhombic,-114.7698,-125.2698,-1.3208,-0.0425,3D,0.0013,False,0.0,,-0.0423,-0.0146,gs://crystal-design/output/borg/round_3_wy_updated_4/1e_2_med_0_common_84_nobal/Fe1Ir2O12Rh2Zn1/0,GGA_63bd4a9ff2,GGA_63bd4a9ff2,0.9249211862187966,1522,3567,5500,2417,6250,9100,2
Fe1Ir2O12Rh3,951e8c17c9,FeIr2(RhO4)3,"['O', 'Fe', 'Rh', 'Ir']",18,196.2841,7.9606,mm2,Cmm2,35,orthorhombic,-120.6207,-131.1207,-1.3067,-0.0351,3D,0.0015,False,0.0,,-0.0349,-0.0208,gs://crystal-design/output/borg/round_3_wy_3/1e_3_med_0_common_84_nobal/Fe1Ir2O12Rh3/0,GGA_951e8c17c9,r2S_951e8c17c9,0.9387361859891544,1611,3833,5500,2756,7267,9100,2
Ga1Ir2O12Rh3,47b687b292,GaIr2(RhO4)3,"['O', 'Ga', 'Rh', 'Ir']",18,195.5129,8.1099,mm2,Cmm2,35,orthorhombic,-118.8143,-127.0583,-1.3833,-0.0337,3D,0.0015,True,0.0,,-0.0335,-0.025,gs://crystal-design/output/borg/round_3_wy_3/1e_3_med_0_common_84_nobal/Ga1Ir2O12Rh3/0,GGA_47b687b292,r2S_47b687b292,0.9352380519108916,1783,4350,5500,2783,7350,9100,2
Cu2Ir4O12,e49083a195,Cu(IrO3)2,"['O', 'Cu', 'Ir']",18,193.6095,9.3311,mmm,Pnnm,58,orthorhombic,-115.6511,-123.8951,-1.1657,-0.0849,3D,0.0016,True,-0.0,,-0.0847,-0.0651,gs://crystal-design/output/borg/round_2_mo_3/1e_3_med_0_common_84_nobal/Cu2Ir4O12/0,GGA_e49083a195,r2S_e49083a195,0.11399220184017,1733,4200,5500,2522,6567,9100,2
Cu2Ir2O12Pd2,0ef8bce319,CuIrPdO6,"['O', 'Cu', 'Pd', 'Ir']",18,195.0524,7.8012,mm2,Pnn2,34,orthorhombic,-104.8387,-113.0827,-0.9715,-0.0685,3D,0.0019,True,0.0,,-0.0683,-0.0254,gs://crystal-design/output/borg/round_3_wy_3/1e_3_med_0_common_84_nobal/Cu2Ir2O12Pd2/0,GGA_0ef8bce319,GGA_0ef8bce319,0.6357765771320328,1478,3433,5500,2400,6200,9100,2
Cu2Ir2O12Rh2,10e1f3a804,CuIrRhO6,"['O', 'Cu', 'Rh', 'Ir']",18,191.7068,7.8765,4mm,P4_2nm,102,tetragonal,-111.9233,-120.1673,-1.1224,-0.0556,3D,0.0024,True,0.0,,-0.0554,-0.0359,gs://crystal-design/output/borg/round_3_4/1e_3_med_0_common_84_nobal/Cu2Ir2O12Rh2/0,GGA_10e1f3a804,GGA_10e1f3a804,0.8928510123483381,1478,3433,5500,2400,6200,9100,2
Ir2O12Rh4,eae2b2cd97,Ir(RhO3)2,"['O', 'Rh', 'Ir']",18,196.3202,8.3572,4/mmm,P4_2/mnm,136,tetragonal,-120.9088,-129.1528,-1.2588,-0.0252,3D,0.003,True,0.0,,-0.025,-0.0247,gs://crystal-design/output/borg/round_2_mo_3/1e_3_med_0_common_84_nobal/Ir2O12Rh4/0,GGA_eae2b2cd97,GGA_eae2b2cd97,0.4859749537368561,1656,3967,5500,3122,8367,9100,2
Ir2O12Rh3Zn1,cd2cb17607,ZnIr2(RhO4)3,"['O', 'Zn', 'Rh', 'Ir']",18,197.3282,7.999,mm2,Cmm2,35,orthorhombic,-115.1789,-123.4229,-1.2796,-0.0421,3D,0.0035,True,0.0,,-0.0419,-0.0252,gs://crystal-design/output/borg/round_3_wy_3/1e_3_med_0_common_84_nobal/Ir2O12Rh3Zn1/0,GGA_cd2cb17607,r2S_cd2cb17607,0.9409595441967996,1567,3700,5500,2783,7350,9100,2
Ga2Ir2O12Rh2,bb34aff8b9,GaIrRhO6,"['O', 'Ga', 'Rh', 'Ir']",18,193.5757,7.9064,4mm,P4_2nm,102,tetragonal,-116.6786,-124.9226,-1.5056,-0.0399,3D,0.0036,True,0.0,,-0.0397,-0.023,gs://crystal-design/output/borg/round_3_4/1e_3_med_0_common_84_nobal/Ga2Ir2O12Rh2/0,GGA_bb34aff8b9,r2S_bb34aff8b9,0.9218086360870454,1911,4733,5500,2444,6333,9100,2
Fe2Ir2O12Rh2,a21b6febda,FeIrRhO6,"['O', 'Fe', 'Rh', 'Ir']",18,195.9241,7.5764,4mm,P4_2nm,102,tetragonal,-120.2588,-133.0148,-1.3505,-0.0409,3D,0.0044,True,0.0,,-0.0407,-0.0128,gs://crystal-design/output/borg/round_3_4/1e_3_med_0_common_84_nobal/Fe2Ir2O12Rh2/0,GGA_a21b6febda,r2S_a21b6febda,0.918174590266418,1567,3700,5500,2389,6167,9100,2
Ir3O12Rh1Zn2,1202c2bfa2,Zn2Ir3RhO12,"['O', 'Zn', 'Rh', 'Ir']",18,197.8735,8.4118,mm2,Cmm2,35,orthorhombic,-111.1558,-119.3998,-1.3134,-0.0649,3D,0.0073,True,0.0,,-0.0647,-0.0316,gs://crystal-design/output/borg/round_3_wy_3/1e_3_med_0_common_84_nobal/Ir3O12Rh1Zn2/0,GGA_1202c2bfa2,r2S_1202c2bfa2,0.9245463597133612,1606,3817,5500,2506,6517,9100,2
Ir2O12Rh2Zn2,654f407842,ZnIrRhO6,"['O', 'Zn', 'Rh', 'Ir']",18,197.4483,7.6788,4mm,P4_2nm,102,tetragonal,-109.2067,-117.4507,-1.287,-0.0455,3D,0.0143,True,0.0,,-0.0453,-0.0123,gs://crystal-design/output/borg/round_2_mo_4/1e_3_med_0_common_84_nobal/Ir2O12Rh2Zn2/0,GGA_654f407842,r2S_654f407842,0.9263056429339758,1478,3433,5500,2444,6333,9100,2
Ir1O12Rh5,33095629c4,IrRh5O12,"['O', 'Rh', 'Ir']",18,196.5851,7.5916,mmm,Cmmm,65,orthorhombic,-119.0817,-127.3257,-1.2392,-0.0126,3D,,True,0.0002,,-0.0124,-0.0122,gs://crystal-design/output/borg/round_3_4/1e_3_med_0_common_84_nobal/Ir1O12Rh5/0,GGA_33095629c4,GGA_33095629c4,0.3072477536494362,1528,3583,5500,3061,8183,9100,2
Cu2Ir3O12Pd1,7eaeb74660,Cu2Ir3PdO12,"['O', 'Cu', 'Pd', 'Ir']",18,195.6248,8.5067,2,P2,3,monoclinic,-110.3158,-118.5598,-1.0726,-0.0813,,,,0.0,,-0.0805,-0.0492,gs://surface-design/input/round_6_4/1e_3_med_0_common_84_nobal/Cu2Ir3O12Pd1/0,GGA_7eaeb74660,GGA_7eaeb74660,0.8054721971502018,1606,3817,5500,2461,6383,9100,2
Fe4Ir7O24Rh1,8c6a2c9729,Fe4Ir7RhO24,"['O', 'Fe', 'Rh', 'Ir']",36,393.4973,8.6753,2,P2,3,monoclinic,-245.7111,-271.2231,-1.3719,-0.0518,3D,0.0042,True,0.0,,-0.0517,-0.0236,gs://crystal-design/output/borg/round_3_wy_3/1e_3_med_0_common_84_nobal/Fe4Ir7O24Rh1/0,GGA_8c6a2c9729,GGA_8c6a2c9729,0.915943691231646,1758,4275,5500,2481,6442,9100,2
Fe4Ir7O24Pd1,f1270aa488,Fe4Ir7PdO24,"['O', 'Fe', 'Pd', 'Ir']",36,394.1136,8.6766,2,P2,3,monoclinic,-242.2452,-267.7572,-1.3363,-0.0572,3D,0.0049,True,0.0,,-0.057,-0.0231,gs://crystal-design/output/borg/round_3_wy_3/1e_3_med_0_common_84_nobal/Fe4Ir7O24Pd1/0,GGA_f1270aa488,GGA_f1270aa488,0.906015148892924,1758,4275,5500,2481,6442,9100,2
Fe4Ir5O24Pd3,0357e71664,Fe4Ir5(PdO8)3,"['O', 'Fe', 'Pd', 'Ir']",36,396.2191,7.9113,2,P2,3,monoclinic,-231.7689,-257.2809,-1.2486,-0.0583,3D,,True,0.0,,-0.0582,-0.0126,gs://crystal-design/output/borg/round_3_wy_3/1e_3_med_0_common_84_nobal/Fe4Ir5O24Pd3/0,GGA_0357e71664,GGA_0357e71664,0.8397629087247817,1631,3892,5500,2419,6258,9100,2
Fe4Ga1Ir7O24,483ab0d550,GaFe4Ir7O24,"['O', 'Fe', 'Ga', 'Ir']",36,392.9254,8.5477,2,P2,3,monoclinic,-243.4262,-268.9382,-1.4289,-0.0515,,,,0.0,,-0.0506,-0.0185,gs://surface-design/input/round_6_4/1e_3_med_0_common_84_nobal/Fe4Ga1Ir7O24/1,GGA_483ab0d550,GGA_483ab0d550,0.9193526943580448,1822,4467,5500,2311,5933,9100,2
Bi6Co1Ir1O18Rh1,110ca1c08b,CoBi6IrRhO18,"['O', 'Co', 'Rh', 'Ir', 'Bi']",27,374.5966,8.4044,3,P3,143,trigonal,-159.9383,-173.9423,-1.4277,-0.0533,3D,0.0025,True,0.0,,-0.0421,-0.0269,gs://crystal-design/output/borg/round_3_wy_updated_4/1e_2_med_0_common_84_nobal/Bi6Co1Ir1O18Rh1/0,GGA_110ca1c08b,GGA_110ca1c08b,0.9394344755972592,1948,4844,5500,2400,6200,9100,3
Bi6Cu1Ir2O18,f828e67141,CuBi6(IrO9)2,"['O', 'Cu', 'Ir', 'Bi']",27,384.3799,8.5963,3,P3,143,trigonal,-159.4454,-171.8114,-1.4056,-0.069,3D,0.0055,True,0.0,,-0.0578,-0.0447,gs://crystal-design/output/borg/round_3_4/1e_3_med_0_common_84_nobal/Bi6Cu1Ir2O18/0,GGA_f828e67141,r2S_f828e67141,0.9194065260750568,1978,4933,5500,2396,6189,9100,3
Bi6Ir1Mn2O18,a7e7ba7db4,Mn2Bi6IrO18,"['O', 'Mn', 'Ir', 'Bi']",27,372.591,8.2181,32,P321,150,trigonal,-165.984,-181.686,-1.5719,-0.0548,3D,,False,0.0,,-0.0436,-0.0339,gs://crystal-design/output/borg/round_6_4/1e_3_med_0_common_84_nobal/Bi6Ir1Mn2O18/0,GGA_a7e7ba7db4,GGA_a7e7ba7db4,0.5041875890393303,1833,4500,5500,2137,5411,9100,3
